{
  "name": "paymentfont",
  "repo": "AlexanderPoellmann/PaymentFont",
  "description": "PaymentFont - A sleek webfont for your favourite payment operators and methods",
  "version": "1.2.5",
  "keywords": [
    "payment",
    "webfont",
    "font",
    "icon"
  ],
  "dependencies": {},
  "development": {},
  "license": "SIL, MIT, CC BY 3.0",
  "styles": [
    "css/paymentfont.css",
    "css/paymentfont.min.css"
  ],
  "fonts": [
    "fonts/paymentfont-webfont.eot",
    "fonts/paymentfont-webfont.svg",
    "fonts/paymentfont-webfont.ttf",
    "fonts/paymentfont-webfont.woff",
    "fonts/PaymentFont.otf"
  ]
}